ID,Nombre,Email,Teléfono,Fecha
1,Juan Garcia,juangutt@gmail.com,5231640,20211227
2,Daniela Cordoba,dani_c@hotmail.com,7592947,20221123
3,Laura Cabrera,lalocabrera@outlook.com,7692164,20210312
4,Maria Melo,mariamelo@hotmail.com,1266369,20220516
5,Camila Muñoz,camimu@gmail.com,7737836,20210916
6,Valentina Puentes,valepuentes@hotmail.com,9761387,20220823
7,Laura Rivera,laurivera@gmail.com,7791905,20220714
8,Sergio Rojas,sergiororo@outlook.com,9426871,20221104
9,Juan Jordan,juanjordan@hotmail.com,6858607,20210715
10,Ivan Bustos,ibustos@hotmail.com,2965053,20210629
11,Diego Perdomo,jdperdomo@gmail.com,4595769,20210315
12,Juan Morales,jjmorales@outlook.com,2465977,20210413
13,Cindy Espinel,cindyes@hotmail.com,2722412,20220323
14,Estefania Collazos,estefaco@outlook.com,4156150,20210224
15,Paula Leon,pauleon@hotmail.com,1453721,20221217
16,Laura Arias,lauariasr@gmail.com,1564745,20211119
17,Alexander Murcia,alexmurcia@gmail.com,7950409,20220628
18,Sebastian Mariño,sebasmari@hotmail.com,6015071,20220118
19,Adriana España,naniespana@hotmail.com,9320294,20210623
20,Luisa Cruz,lucruzh@gmail.com,6231879,20220913
21,Diego Yustres,diegoyus3@outlook.com,8537384,20220519
22,Martin Galvan,martinchi@outlook.com,7069780,20211230
23,Laura Alfaro,laualf@gmail.com,2846532,20210924
24,Melissa Diaz,melidiaz@hotmail.com,5771058,20221121
25,Felipe Vargas,felovargas@gmail.com,9226587,20211218
26,María Sanchez,sanchezmar10@hotmail.com,2062032,20221017
27,Juliana González,juligonza12@gmail.com,8296723,20220318
28,Ximena Prado,ximepra@outlook.com,6808536,20211116
29,Juan Ospina,juanitoospi95@gmail.com,3502398,20221207
30,David Salazar,d.salazar@hotmail.com,3838908,20210123
31,Manuela Ramos,maramos@yahoo.com,2420198,20221013
32,Jamie Lannister,houseofthelion@outlook.com,4075991,20210123
33,Paula Torres,torrespaula33@gmail.com,8814011,20210107
34,Camila Cifuentes,cifucami@yahoo.com,7920199,20220101
35,Sebastián González,gonzalezsebas96@hotmail.com,6475859,20220112
36,Valentina Zapata,Valzactg@hotmail.com,4218787,20210825
37,Liliana Paniagua,lilipani9873@outlook.com,6538850,20221113
38,Jairo Valderrama,java60@gmail.com,5420516,20221015
39,Juan Penagos,Penagosj1997@hotmail.com,3580735,20221218
40,Armando Mendoza,mandomendoza45@outlook.com,7131277,20211223
41,Patricia Fernandez,blondequeen@gmail.com,1496144,20220309
42,Beatriz Pinzón,bettyp@yahoo.com,6189542,20220509
43,Marcela Quiroz,marce10q@hotmail.com,6433739,20210626
44,Andrés Ramirez,andyramirez18@outlook.com,3208451,20220531
45,Harwin Strong,RIPharwin@gmail.com,9529159,20220224
46,Benito Torres,Benito.torres98@yahoo.es,1874702,20220109
47,Alicia Torrealta,a.torrealta@outlook.com,2251940,20211004
48,Viserys Targaryen,kingvisthefirst@hotmail.com,8947192,20210216
49,Rhaenyra Targaryen,rhaerhae@gmail.com,6788779,20221225
50,Daemon Targaryen,daemont@hotmail.com,4107550,20210125